Time [s], Analyzer Name, Decoded Protocol Result
0.000052625000000,RX,0xB3 (framing error)
0.000678250000000,RX,0xC8
0.001460875000000,RX,0x14
0.001981250000000,RX,0x00
0.002502562500000,RX,0x00
0.003023875000000,RX,0x00
0.003545250000000,RX,0x70
0.004066562500000,RX,0x00
0.004587937500000,RX,0x6C
0.005109250000000,RX,0x02
0.005630562500000,RX,0xB3
0.006152250000000,RX,0x00
0.006673250000000,RX,0x00
0.007194562500000,RX,0x00
0.007715875000000,RX,0x00
0.008237250000000,RX,0x34
0.008758562500000,RX,0xC2
0.009280437500000,RX,0x0E
0.009801187500000,RX,0xE3
0.134106937500000,TX,0x5A
0.134630000000000,TX,0x5A
0.135153000000000,TX,0x00
0.135676062500000,TX,0x00
0.136199187500000,TX,0x01
0.136722250000000,TX,0x01
0.138156187500000,RX,0xAA
0.138674625000000,RX,0x55
0.139195562500000,RX,0xAA
0.139717312500000,RX,0xFF
0.140239250000000,RX,0x02
0.140759562500000,RX,0xCF
0.141281437500000,RX,0x0E
0.141802250000000,RX,0x05
0.142323562500000,RX,0x0E
0.142844875000000,RX,0x06
0.143366250000000,RX,0x0D
0.143887562500000,RX,0xFD
0.144409750000000,RX,0x0E
0.144930250000000,RX,0x06
0.145451562500000,RX,0x0E
0.145972875000000,RX,0x06
0.146494187500000,RX,0x0D
0.147015562500000,RX,0x9B
0.147537250000000,RX,0x0E
0.148058187500000,RX,0x08
0.148579500000000,RX,0x0E
0.149100875000000,RX,0x06
0.149622187500000,RX,0x0E
0.150143500000000,RX,0x07
0.150664875000000,RX,0x0E
0.151186187500000,RX,0x06
0.151707500000000,RX,0x0E
0.152228875000000,RX,0x07
0.152750187500000,RX,0x0E
0.153271500000000,RX,0x06
0.153792875000000,RX,0x0E
0.154314187500000,RX,0x07
0.154835500000000,RX,0x0E
0.155356812500000,RX,0x05
0.155878187500000,RX,0x0D
0.156399500000000,RX,0xD6
0.156921375000000,RX,0x0E
0.157442187500000,RX,0x06
0.157963500000000,RX,0x0E
0.158484812500000,RX,0x08
0.159006187500000,RX,0x0E
0.159527500000000,RX,0x08
0.160048812500000,RX,0x0E
0.160570125000000,RX,0x06
0.161091500000000,RX,0x0E
0.161612812500000,RX,0x03
0.162134125000000,RX,0x00
0.162655500000000,RX,0x00
0.163176812500000,RX,0x00
0.163698125000000,RX,0x00
0.164219500000000,RX,0x00
0.164740812500000,RX,0x00
0.165262125000000,RX,0x00
0.165783500000000,RX,0x00
0.166304812500000,RX,0x00
0.166826125000000,RX,0x00
0.167347437500000,RX,0x00
0.167868812500000,RX,0x00
0.168390125000000,RX,0x00
0.168911437500000,RX,0x00
0.169432812500000,RX,0x00
0.169954125000000,RX,0x00
0.170475437500000,RX,0x00
0.170996750000000,RX,0x00
0.171518125000000,RX,0x00
0.172039437500000,RX,0x00
0.172560750000000,RX,0x00
0.173082125000000,RX,0x00
0.173603437500000,RX,0x00
0.174124750000000,RX,0x00
0.174646125000000,RX,0x00
0.175167437500000,RX,0x00
0.175688750000000,RX,0x00
0.176210125000000,RX,0x00
0.176731437500000,RX,0x22
0.177252750000000,RX,0x01
0.177774062500000,RX,0xAB
0.178295750000000,RX,0x3F
0.178816750000000,RX,0x00
0.179338062500000,RX,0x00
0.179859375000000,RX,0x8D
0.180381062500000,RX,0x7B
0.180902062500000,RX,0xAC
0.181423750000000,RX,0x00
0.181944750000000,RX,0x02
0.182466062500000,RX,0xBB
0.182987750000000,RX,0x30
0.183508750000000,RX,0x00
0.184030062500000,RX,0x08
0.184551375000000,RX,0x02
0.185072750000000,RX,0x6E
0.185594062500000,RX,0x00
0.186115375000000,RX,0x19
0.186636687500000,RX,0x00
0.187158062500000,RX,0x19
0.187679375000000,RX,0x00
0.188200687500000,RX,0x19
0.188722000000000,RX,0x00
0.189243375000000,RX,0x19
0.189764687500000,RX,0x00
0.190286062500000,RX,0x19
0.190807375000000,RX,0x00
0.191328687500000,RX,0x19
0.191850000000000,RX,0x01
0.192371375000000,RX,0x01
0.192892687500000,RX,0x00
0.193414000000000,RX,0x03
0.193935375000000,RX,0xE8
0.194457375000000,RX,0x00
0.194978000000000,RX,0x0A
0.195499312500000,RX,0x01
0.196020687500000,RX,0x00
0.196542000000000,RX,0x00
0.197063312500000,RX,0x00
0.197584687500000,RX,0x00
0.198106000000000,RX,0x07
0.198627375000000,RX,0x0E
0.199148625000000,RX,0x08
0.199670000000000,RX,0x06
0.200191312500000,RX,0x0D
0.200712625000000,RX,0x9B
0.201234312500000,RX,0x0D
0.201755312500000,RX,0xFE
0.202277562500000,RX,0x14
0.202798000000000,RX,0x00
0.203319312500000,RX,0x00
0.203840625000000,RX,0x00
0.204361937500000,RX,0x70
0.204883250000000,RX,0x00
0.205404625000000,RX,0x6C
0.205925937500000,RX,0x02
0.206447312500000,RX,0xB3
0.206969000000000,RX,0x00
0.207489937500000,RX,0x00
0.208011312500000,RX,0x00
0.208532625000000,RX,0x00
0.209053937500000,RX,0x38
0.209575250000000,RX,0xC2
0.210097187500000,RX,0x0E
0.210617937500000,RX,0xE7
0.334922750000000,TX,0x5A
0.335445812500000,TX,0x5A
0.335969000000000,TX,0x00
0.336492125000000,TX,0x00
0.337015250000000,TX,0x01
0.337538312500000,TX,0x01
0.339025062500000,RX,0xAA
0.339543437500000,RX,0x55
0.340064437500000,RX,0xAA
0.340586125000000,RX,0xFF
0.341108125000000,RX,0x02
0.341628437500000,RX,0xCF
0.342150312500000,RX,0x0E
0.342671062500000,RX,0x05
0.343192437500000,RX,0x0E
0.343713750000000,RX,0x06
0.344235062500000,RX,0x0D
0.344756437500000,RX,0xFD
0.345278625000000,RX,0x0E
0.345799062500000,RX,0x06
0.346320437500000,RX,0x0E
0.346841750000000,RX,0x06
0.347363062500000,RX,0x0D
0.347884375000000,RX,0x9B
0.348406125000000,RX,0x0E
0.348927062500000,RX,0x08
0.349448375000000,RX,0x0E
0.349969750000000,RX,0x06
0.350491062500000,RX,0x0E
0.351012375000000,RX,0x07
0.351533687500000,RX,0x0E
0.352055062500000,RX,0x06
0.352576375000000,RX,0x0E
0.353097687500000,RX,0x07
0.353619062500000,RX,0x0E
0.354140375000000,RX,0x06
0.354661687500000,RX,0x0E
0.355183062500000,RX,0x07
0.355704375000000,RX,0x0E
0.356225687500000,RX,0x05
0.356747062500000,RX,0x0D
0.357268375000000,RX,0xD6
0.357790250000000,RX,0x0E
0.358311000000000,RX,0x06
0.358832375000000,RX,0x0E
0.359353687500000,RX,0x08
0.359875000000000,RX,0x0E
0.360396312500000,RX,0x08
0.360917687500000,RX,0x0E
0.361439000000000,RX,0x06
0.361960312500000,RX,0x0E
0.362481687500000,RX,0x03
0.363003000000000,RX,0x00
0.363524312500000,RX,0x00
0.364045687500000,RX,0x00
0.364567000000000,RX,0x00
0.365088312500000,RX,0x00
0.365609687500000,RX,0x00
0.366131000000000,RX,0x00
0.366652312500000,RX,0x00
0.367173625000000,RX,0x00
0.367695000000000,RX,0x00
0.368216312500000,RX,0x00
0.368737625000000,RX,0x00
0.369259000000000,RX,0x00
0.369780312500000,RX,0x00
0.370301625000000,RX,0x00
0.370823000000000,RX,0x00
0.371344312500000,RX,0x00
0.371865625000000,RX,0x00
0.372387000000000,RX,0x00
0.372908312500000,RX,0x00
0.373429625000000,RX,0x00
0.373950937500000,RX,0x00
0.374472312500000,RX,0x00
0.374993625000000,RX,0x00
0.375514937500000,RX,0x00
0.376036250000000,RX,0x00
0.376557625000000,RX,0x00
0.377078937500000,RX,0x00
0.377600250000000,RX,0x22
0.378121625000000,RX,0x01
0.378642937500000,RX,0xAB
0.379164625000000,RX,0x3F
0.379685625000000,RX,0x00
0.380206937500000,RX,0x00
0.380728250000000,RX,0x8D
0.381249937500000,RX,0x7B
0.381770937500000,RX,0xAC
0.382292625000000,RX,0x00
0.382813562500000,RX,0x02
0.383334937500000,RX,0xBB
0.383856625000000,RX,0x30
0.384377562500000,RX,0x00
0.384898937500000,RX,0x08
0.385420250000000,RX,0x02
0.385941562500000,RX,0x6E
0.386462875000000,RX,0x00
0.386984250000000,RX,0x19
0.387505562500000,RX,0x00
0.388026875000000,RX,0x19
0.388548250000000,RX,0x00
0.389069562500000,RX,0x19
0.389590875000000,RX,0x00
0.390112250000000,RX,0x19
0.390633562500000,RX,0x00
0.391154875000000,RX,0x19
0.391676187500000,RX,0x00
0.392197562500000,RX,0x19
0.392718875000000,RX,0x01
0.393240187500000,RX,0x01
0.393761562500000,RX,0x00
0.394282875000000,RX,0x03
0.394804187500000,RX,0xE8
0.395326187500000,RX,0x00
0.395846875000000,RX,0x0A
0.396368187500000,RX,0x01
0.396889562500000,RX,0x00
0.397410812500000,RX,0x00
0.397932250000000,RX,0x00
0.398453500000000,RX,0x00
0.398974875000000,RX,0x07
0.399496187500000,RX,0x0E
0.400017500000000,RX,0x08
0.400538875000000,RX,0x06
0.401060187500000,RX,0x0D
0.401581500000000,RX,0x9B
0.402103187500000,RX,0x0D
0.402624187500000,RX,0xFE
0.403146437500000,RX,0x14
0.403666812500000,RX,0x00
0.404188125000000,RX,0x00
0.404709500000000,RX,0x00
0.405230812500000,RX,0x70
0.405752187500000,RX,0x00
0.406273500000000,RX,0x6C
0.406794812500000,RX,0x02
0.407316125000000,RX,0xB3
0.407837812500000,RX,0x00
0.408358812500000,RX,0x00
0.408880125000000,RX,0x00
0.409401437500000,RX,0x00
0.409922812500000,RX,0x3C
0.410444125000000,RX,0x42
0.410965500000000,RX,0x0E
0.411486812500000,RX,0x6B
0.535740875000000,TX,0x5A
0.536263937500000,TX,0x5A
0.536787000000000,TX,0x00
0.537310125000000,TX,0x00
0.537833250000000,TX,0x01
0.538356375000000,TX,0x01
0.539789625000000,RX,0xAA
0.540308062500000,RX,0x55
0.540829000000000,RX,0xAA
0.541350750000000,RX,0xFF
0.541872687500000,RX,0x02
0.542393000000000,RX,0xCF
0.542914875000000,RX,0x0E
0.543435687500000,RX,0x05
0.543957000000000,RX,0x0E
0.544478312500000,RX,0x06
0.544999687500000,RX,0x0D
0.545521000000000,RX,0xFD
0.546043250000000,RX,0x0E
0.546563687500000,RX,0x06
0.547085000000000,RX,0x0E
0.547606312500000,RX,0x06
0.548127687500000,RX,0x0D
0.548649000000000,RX,0x9B
0.549170687500000,RX,0x0E
0.549691625000000,RX,0x08
0.550213000000000,RX,0x0E
0.550734312500000,RX,0x06
0.551255625000000,RX,0x0E
0.551777000000000,RX,0x07
0.552298312500000,RX,0x0E
0.552819625000000,RX,0x06
0.553340937500000,RX,0x0E
0.553862312500000,RX,0x07
0.554383625000000,RX,0x0E
0.554904937500000,RX,0x06
0.555426312500000,RX,0x0E
0.555947625000000,RX,0x07
0.556468937500000,RX,0x0E
0.556990312500000,RX,0x05
0.557511625000000,RX,0x0D
0.558032937500000,RX,0xD6
0.558554812500000,RX,0x0E
0.559075625000000,RX,0x06
0.559596937500000,RX,0x0E
0.560118250000000,RX,0x08
0.560639625000000,RX,0x0E
0.561160937500000,RX,0x08
0.561682250000000,RX,0x0E
0.562203625000000,RX,0x06
0.562724937500000,RX,0x0E
0.563246250000000,RX,0x03
0.563767562500000,RX,0x00
0.564288937500000,RX,0x00
0.564810250000000,RX,0x00
0.565331562500000,RX,0x00
0.565852937500000,RX,0x00
0.566374250000000,RX,0x00
0.566895562500000,RX,0x00
0.567416937500000,RX,0x00
0.567938250000000,RX,0x00
0.568459562500000,RX,0x00
0.568980937500000,RX,0x00
0.569502250000000,RX,0x00
0.570023562500000,RX,0x00
0.570544875000000,RX,0x00
0.571066250000000,RX,0x00
0.571587562500000,RX,0x00
0.572108875000000,RX,0x00
0.572630250000000,RX,0x00
0.573151562500000,RX,0x00
0.573672875000000,RX,0x00
0.574194187500000,RX,0x00
0.574715562500000,RX,0x00
0.575236875000000,RX,0x00
0.575758187500000,RX,0x00
0.576279562500000,RX,0x00
0.576800875000000,RX,0x00
0.577322187500000,RX,0x00
0.577843562500000,RX,0x00
0.578364875000000,RX,0x22
0.578886187500000,RX,0x01
0.579407500000000,RX,0xAB
0.579929187500000,RX,0x3F
0.580450187500000,RX,0x00
0.580971500000000,RX,0x00
0.581492875000000,RX,0x8D
0.582014500000000,RX,0x7B
0.582535500000000,RX,0xAB
0.583057187500000,RX,0x00
0.583578187500000,RX,0x02
0.584099500000000,RX,0xBB
0.584621187500000,RX,0x30
0.585142187500000,RX,0x00
0.585663500000000,RX,0x08
0.586184812500000,RX,0x02
0.586706187500000,RX,0x6F
0.587227500000000,RX,0x00
0.587748812500000,RX,0x19
0.588270187500000,RX,0x00
0.588791500000000,RX,0x19
0.589312812500000,RX,0x00
0.589834125000000,RX,0x19
0.590355500000000,RX,0x00
0.590876812500000,RX,0x19
0.591398125000000,RX,0x00
0.591919500000000,RX,0x19
0.592440812500000,RX,0x00
0.592962125000000,RX,0x19
0.593483437500000,RX,0x01
0.594004812500000,RX,0x01
0.594526125000000,RX,0x00
0.595047437500000,RX,0x03
0.595568812500000,RX,0xE8
0.596090812500000,RX,0x00
0.596611437500000,RX,0x0A
0.597132812500000,RX,0x01
0.597654125000000,RX,0x00
0.598175437500000,RX,0x00
0.598696812500000,RX,0x00
0.599218125000000,RX,0x00
0.599739437500000,RX,0x07
0.600260750000000,RX,0x0E
0.600782125000000,RX,0x08
0.601303437500000,RX,0x06
0.601824750000000,RX,0x0D
0.602346062500000,RX,0x9B
0.602867750000000,RX,0x0D
0.603388750000000,RX,0xFE
0.603911062500000,RX,0x14
0.604431437500000,RX,0x00
0.604952750000000,RX,0x00
0.605474062500000,RX,0x00
0.605995437500000,RX,0x70
0.606516750000000,RX,0x00
0.607038062500000,RX,0x6C
0.607559375000000,RX,0x02
0.608080750000000,RX,0xB3
0.608602437500000,RX,0x00
0.609123375000000,RX,0x00
0.609644750000000,RX,0x00
0.610166062500000,RX,0x00
0.610687375000000,RX,0x40
0.611208750000000,RX,0x42
0.611730062500000,RX,0x0E
0.612251375000000,RX,0x6F
0.736624562500000,TX,0x5A
0.737147687500000,TX,0x5A
0.737670875000000,TX,0x00
0.738194000000000,TX,0x00
0.738717125000000,TX,0x01
0.739240250000000,TX,0x01
0.740658500000000,RX,0xAA
0.741176937500000,RX,0x55
0.741697875000000,RX,0xAA
0.742219562500000,RX,0xFF
0.742741500000000,RX,0x02
0.743261875000000,RX,0xCF
0.743783750000000,RX,0x0E
0.744304500000000,RX,0x05
0.744825875000000,RX,0x0E
0.745347187500000,RX,0x06
0.745868500000000,RX,0x0D
0.746389875000000,RX,0xFD
0.746912062500000,RX,0x0E
0.747432500000000,RX,0x06
0.747953875000000,RX,0x0E
0.748475187500000,RX,0x06
0.748996500000000,RX,0x0D
0.749517812500000,RX,0x9B
0.750039500000000,RX,0x0E
0.750560500000000,RX,0x08
0.751081812500000,RX,0x0E
0.751603187500000,RX,0x06
0.752124500000000,RX,0x0E
0.752645812500000,RX,0x07
0.753167187500000,RX,0x0E
0.753688500000000,RX,0x06
0.754209812500000,RX,0x0E
0.754731125000000,RX,0x07
0.755252500000000,RX,0x0E
0.755773812500000,RX,0x06
0.756295125000000,RX,0x0E
0.756816500000000,RX,0x07
0.757337812500000,RX,0x0E
0.757859125000000,RX,0x05
0.758380500000000,RX,0x0D
0.758901812500000,RX,0xD6
0.759423687500000,RX,0x0E
0.759944437500000,RX,0x06
0.760465812500000,RX,0x0E
0.760987125000000,RX,0x08
0.761508437500000,RX,0x0E
0.762029812500000,RX,0x08
0.762551125000000,RX,0x0E
0.763072437500000,RX,0x06
0.763593812500000,RX,0x0E
0.764115125000000,RX,0x03
0.764636437500000,RX,0x00
0.765157812500000,RX,0x00
0.765679125000000,RX,0x00
0.766200437500000,RX,0x00
0.766721750000000,RX,0x00
0.767243125000000,RX,0x00
0.767764437500000,RX,0x00
0.768285750000000,RX,0x00
0.768807125000000,RX,0x00
0.769328437500000,RX,0x00
0.769849750000000,RX,0x00
0.770371062500000,RX,0x00
0.770892437500000,RX,0x00
0.771413750000000,RX,0x00
0.771935062500000,RX,0x00
0.772456437500000,RX,0x00
0.772977750000000,RX,0x00
0.773499062500000,RX,0x00
0.774020437500000,RX,0x00
0.774541750000000,RX,0x00
0.775063062500000,RX,0x00
0.775584437500000,RX,0x00
0.776105750000000,RX,0x00
0.776627062500000,RX,0x00
0.777148375000000,RX,0x00
0.777669750000000,RX,0x00
0.778191062500000,RX,0x00
0.778712375000000,RX,0x00
0.779233750000000,RX,0x22
0.779755062500000,RX,0x01
0.780276375000000,RX,0xAB
0.780798062500000,RX,0x3F
0.781319062500000,RX,0x00
0.781840375000000,RX,0x00
0.782361687500000,RX,0x8D
0.782883375000000,RX,0x7B
0.783404375000000,RX,0xAB
0.783926062500000,RX,0x00
0.784447000000000,RX,0x02
0.784968375000000,RX,0xBB
0.785490000000000,RX,0x30
0.786011000000000,RX,0x00
0.786532375000000,RX,0x08
0.787053687500000,RX,0x02
0.787575000000000,RX,0x6F
0.788096375000000,RX,0x00
0.788617687500000,RX,0x19
0.789139000000000,RX,0x00
0.789660375000000,RX,0x19
0.790181687500000,RX,0x00
0.790703000000000,RX,0x19
0.791224312500000,RX,0x00
0.791745687500000,RX,0x19
0.792267000000000,RX,0x00
0.792788312500000,RX,0x19
0.793309687500000,RX,0x00
0.793831000000000,RX,0x19
0.794352312500000,RX,0x01
0.794873625000000,RX,0x01
0.795395000000000,RX,0x00
0.795916312500000,RX,0x03
0.796437625000000,RX,0xE8
0.796959750000000,RX,0x00
0.797480312500000,RX,0x0A
0.798001625000000,RX,0x01
0.798522937500000,RX,0x00
0.799044312500000,RX,0x00
0.799565625000000,RX,0x00
0.800087000000000,RX,0x00
0.800608312500000,RX,0x07
0.801129625000000,RX,0x0E
0.801651000000000,RX,0x08
0.802172312500000,RX,0x06
0.802693625000000,RX,0x0D
0.803214937500000,RX,0x9B
0.803736625000000,RX,0x0D
0.804257625000000,RX,0xFE
0.804779937500000,RX,0x14
0.805300312500000,RX,0x00
0.805821625000000,RX,0x02
0.806342937500000,RX,0x00
0.806864250000000,RX,0x70
0.807385625000000,RX,0x00
0.807906937500000,RX,0x6C
0.808428250000000,RX,0x02
0.808949625000000,RX,0xB3
0.809471312500000,RX,0x00
0.809992250000000,RX,0x00
0.810513562500000,RX,0x00
0.811034937500000,RX,0x00
0.811556250000000,RX,0x44
0.812077562500000,RX,0xC2
0.812599437500000,RX,0x0E
0.813120250000000,RX,0xF5
0.937448687500000,TX,0x5A
0.937971812500000,TX,0x5A
0.938494937500000,TX,0x00
0.939018000000000,TX,0x00
0.939541125000000,TX,0x01
0.940064187500000,TX,0x01
0.941475187500000,RX,0xAA
0.941993625000000,RX,0x55
0.942514625000000,RX,0xAA
0.943036312500000,RX,0xFF
0.943558250000000,RX,0x02
0.944078625000000,RX,0xCF
0.944600500000000,RX,0x0E
0.945121250000000,RX,0x05
0.945642625000000,RX,0x0E
0.946163937500000,RX,0x06
0.946685250000000,RX,0x0D
0.947206562500000,RX,0xFD
0.947728812500000,RX,0x0E
0.948249250000000,RX,0x06
0.948770562500000,RX,0x0E
0.949291937500000,RX,0x06
0.949813250000000,RX,0x0D
0.950334562500000,RX,0x9B
0.950856250000000,RX,0x0E
0.951377250000000,RX,0x08
0.951898562500000,RX,0x0E
0.952419875000000,RX,0x06
0.952941250000000,RX,0x0E
0.953462562500000,RX,0x07
0.953983875000000,RX,0x0E
0.954505250000000,RX,0x06
0.955026562500000,RX,0x0E
0.955547875000000,RX,0x07
0.956069250000000,RX,0x0E
0.956590562500000,RX,0x06
0.957111875000000,RX,0x0E
0.957633187500000,RX,0x07
0.958154562500000,RX,0x0E
0.958675875000000,RX,0x05
0.959197187500000,RX,0x0D
0.959718562500000,RX,0xD6
0.960240437500000,RX,0x0E
0.960761187500000,RX,0x06
0.961282562500000,RX,0x0E
0.961803875000000,RX,0x08
0.962325187500000,RX,0x0E
0.962846562500000,RX,0x08
0.963367875000000,RX,0x0E
0.963889187500000,RX,0x06
0.964410500000000,RX,0x0E
0.964931875000000,RX,0x03
0.965453187500000,RX,0x00
0.965974500000000,RX,0x00
0.966495812500000,RX,0x00
0.967017187500000,RX,0x00
0.967538500000000,RX,0x00
0.968059812500000,RX,0x00
0.968581187500000,RX,0x00
0.969102500000000,RX,0x00
0.969623812500000,RX,0x00
0.970145187500000,RX,0x00
0.970666500000000,RX,0x00
0.971187812500000,RX,0x00
0.971709125000000,RX,0x00
0.972230500000000,RX,0x00
0.972751812500000,RX,0x00
0.973273125000000,RX,0x00
0.973794500000000,RX,0x00
0.974315812500000,RX,0x00
0.974837125000000,RX,0x00
0.975358500000000,RX,0x00
0.975879812500000,RX,0x00
0.976401125000000,RX,0x00
0.976922437500000,RX,0x00
0.977443812500000,RX,0x00
0.977965125000000,RX,0x00
0.978486437500000,RX,0x00
0.979007750000000,RX,0x00
0.979529125000000,RX,0x00
0.980050437500000,RX,0x22
0.980571750000000,RX,0x01
0.981093125000000,RX,0xAB
0.981614812500000,RX,0x3F
0.982135750000000,RX,0x00
0.982657062500000,RX,0x00
0.983178437500000,RX,0x8D
0.983700125000000,RX,0x7B
0.984221125000000,RX,0xAB
0.984742812500000,RX,0x00
0.985263750000000,RX,0x02
0.985785062500000,RX,0xBB
0.986306812500000,RX,0x30
0.986827750000000,RX,0x00
0.987349062500000,RX,0x08
0.987870437500000,RX,0x02
0.988391750000000,RX,0x6F
0.988913062500000,RX,0x00
0.989434375000000,RX,0x19
0.989955750000000,RX,0x00
0.990477062500000,RX,0x19
0.990998375000000,RX,0x00
0.991519687500000,RX,0x19
0.992041062500000,RX,0x00
0.992562375000000,RX,0x19
0.993083687500000,RX,0x00
0.993605062500000,RX,0x19
0.994126375000000,RX,0x00
0.994647687500000,RX,0x19
0.995169062500000,RX,0x01
0.995690375000000,RX,0x01
0.996211687500000,RX,0x00
0.996733062500000,RX,0x03
0.997254375000000,RX,0xE8
0.997776437500000,RX,0x00
0.998297000000000,RX,0x0A
0.998818375000000,RX,0x01
0.999339687500000,RX,0x00
0.999861062500000,RX,0x00
1.000382375000000,RX,0x00
1.000903687500000,RX,0x00
1.001425062500000,RX,0x07
1.001946375000000,RX,0x0E
1.002467687500000,RX,0x08
1.002989000000000,RX,0x06
1.003510375000000,RX,0x0D
1.004031687500000,RX,0x9B
1.004553375000000,RX,0x0D
1.005074375000000,RX,0xFE
1.005596625000000,RX,0x14
1.006117000000000,RX,0x00
1.006638312500000,RX,0x00
1.007159625000000,RX,0x00
1.007681000000000,RX,0x70
1.008202312500000,RX,0x00
1.008723625000000,RX,0x6C
1.009245000000000,RX,0x02
1.009766312500000,RX,0xB3
1.010288000000000,RX,0x00
1.010808937500000,RX,0x00
1.011330312500000,RX,0x00
1.011851625000000,RX,0x00
1.012372937500000,RX,0x48
1.012894312500000,RX,0xC2
1.013416187500000,RX,0x0E
1.013936937500000,RX,0xF7
1.138265000000000,TX,0x5A
1.138788062500000,TX,0x5A
1.139311125000000,TX,0x00
1.139834312500000,TX,0x00
1.140357437500000,TX,0x01
1.140880562500000,TX,0x01
1.142344062500000,RX,0xAA
1.142862500000000,RX,0x55
1.143383437500000,RX,0xAA
1.143905187500000,RX,0xFF
1.144427125000000,RX,0x02
1.144947437500000,RX,0xCF
1.145469312500000,RX,0x0E
1.145990125000000,RX,0x05
1.146511437500000,RX,0x0E
1.147032812500000,RX,0x06
1.147554125000000,RX,0x0D
1.148075437500000,RX,0xFD
1.148597687500000,RX,0x0E
1.149118125000000,RX,0x06
1.149639437500000,RX,0x0E
1.150160750000000,RX,0x06
1.150682125000000,RX,0x0D
1.151203437500000,RX,0x9B
1.151725125000000,RX,0x0E
1.152246062500000,RX,0x08
1.152767437500000,RX,0x0E
1.153288750000000,RX,0x06
1.153810062500000,RX,0x0E
1.154331437500000,RX,0x07
1.154852750000000,RX,0x0E
1.155374062500000,RX,0x06
1.155895437500000,RX,0x0E
1.156416750000000,RX,0x07
1.156938062500000,RX,0x0E
1.157459375000000,RX,0x06
1.157980750000000,RX,0x0E
1.158502062500000,RX,0x07
1.159023375000000,RX,0x0E
1.159544750000000,RX,0x05
1.160066062500000,RX,0x0D
1.160587375000000,RX,0xD6
1.161109250000000,RX,0x0E
1.161630062500000,RX,0x06
1.162151375000000,RX,0x0E
1.162672750000000,RX,0x08
1.163194062500000,RX,0x0E
1.163715375000000,RX,0x08
1.164236687500000,RX,0x0E
1.164758062500000,RX,0x06
1.165279375000000,RX,0x0E
1.165800687500000,RX,0x03
1.166322000000000,RX,0x00
1.166843375000000,RX,0x00
1.167364687500000,RX,0x00
1.167886000000000,RX,0x00
1.168407375000000,RX,0x00
1.168928687500000,RX,0x00
1.169450000000000,RX,0x00
1.169971312500000,RX,0x00
1.170492687500000,RX,0x00
1.171014000000000,RX,0x00
1.171535312500000,RX,0x00
1.172056687500000,RX,0x00
1.172578000000000,RX,0x00
1.173099312500000,RX,0x00
1.173620687500000,RX,0x00
1.174142000000000,RX,0x00
1.174663312500000,RX,0x00
1.175184687500000,RX,0x00
1.175706000000000,RX,0x00
1.176227312500000,RX,0x00
1.176748687500000,RX,0x00
1.177270000000000,RX,0x00
1.177791312500000,RX,0x00
1.178312625000000,RX,0x00
1.178834000000000,RX,0x00
1.179355312500000,RX,0x00
1.179876625000000,RX,0x00
1.180397937500000,RX,0x00
1.180919312500000,RX,0x22
1.181440625000000,RX,0x01
1.181961937500000,RX,0xAB
1.182483625000000,RX,0x3F
1.183004625000000,RX,0x00
1.183525937500000,RX,0x00
1.184047250000000,RX,0x8D
1.184568937500000,RX,0x7B
1.185089937500000,RX,0xAB
1.185611625000000,RX,0x00
1.186132625000000,RX,0x02
1.186653937500000,RX,0xBB
1.187175625000000,RX,0x30
1.187696625000000,RX,0x00
1.188217937500000,RX,0x08
1.188739250000000,RX,0x02
1.189260562500000,RX,0x6F
1.189781937500000,RX,0x00
1.190303250000000,RX,0x19
1.190824562500000,RX,0x00
1.191345937500000,RX,0x19
1.191867250000000,RX,0x00
1.192388562500000,RX,0x19
1.192909937500000,RX,0x00
1.193431250000000,RX,0x19
1.193952562500000,RX,0x00
1.194473875000000,RX,0x19
1.194995250000000,RX,0x00
1.195516562500000,RX,0x19
1.196037875000000,RX,0x01
1.196559250000000,RX,0x01
1.197080562500000,RX,0x00
1.197601875000000,RX,0x03
1.198123250000000,RX,0xE8
1.198645250000000,RX,0x00
1.199165875000000,RX,0x0A
1.199687250000000,RX,0x01
1.200208562500000,RX,0x00
1.200729875000000,RX,0x00
1.201251187500000,RX,0x00
1.201772562500000,RX,0x00
1.202293875000000,RX,0x07
1.202815187500000,RX,0x0E
1.203336562500000,RX,0x08
1.203857875000000,RX,0x06
1.204379187500000,RX,0x0D
1.204900500000000,RX,0x9B
1.205422187500000,RX,0x0D
1.205943187500000,RX,0xFE
1.206465437500000,RX,0x14
1.206985875000000,RX,0x00
1.207507187500000,RX,0x00
1.208028500000000,RX,0x00
1.208549875000000,RX,0x70
1.209071187500000,RX,0x00
1.209592500000000,RX,0x6C
1.210113875000000,RX,0x02
1.210635187500000,RX,0xB3
1.211156875000000,RX,0x00
1.211677812500000,RX,0x00
1.212199187500000,RX,0x00
1.212720500000000,RX,0x00
1.213241875000000,RX,0x4C
1.213763125000000,RX,0xC2
1.214285062500000,RX,0x0E
1.214805812500000,RX,0xFB
1.339124000000000,TX,0x5A
1.339647062500000,TX,0x5A
1.340170125000000,TX,0x00
1.340693250000000,TX,0x00
1.341216250000000,TX,0x01
1.341739312500000,TX,0x01
1.343108625000000,RX,0xAA
1.343627062500000,RX,0x55
1.344148062500000,RX,0xAA
1.344669750000000,RX,0xFF
1.345191750000000,RX,0x02
1.345712062500000,RX,0xCF
1.346233937500000,RX,0x0E
1.346754750000000,RX,0x05
1.347276062500000,RX,0x0E
1.347797375000000,RX,0x06
1.348318687500000,RX,0x0D
1.348840000000000,RX,0xFD
1.349362250000000,RX,0x0E
1.349882687500000,RX,0x06
1.350404000000000,RX,0x0E
1.350925375000000,RX,0x06
1.351446687500000,RX,0x0D
1.351968000000000,RX,0x9B
1.352489687500000,RX,0x0E
1.353010687500000,RX,0x08
1.353532062500000,RX,0x0E
1.354053312500000,RX,0x06
1.354574687500000,RX,0x0E
1.355096000000000,RX,0x07
1.355617312500000,RX,0x0E
1.356138687500000,RX,0x06
1.356660000000000,RX,0x0E
1.357181312500000,RX,0x07
1.357702687500000,RX,0x0E
1.358224000000000,RX,0x06
1.358745312500000,RX,0x0E
1.359266687500000,RX,0x07
1.359788000000000,RX,0x0E
1.360309312500000,RX,0x05
1.360830625000000,RX,0x0D
1.361352000000000,RX,0xD6
1.361873875000000,RX,0x0E
1.362394625000000,RX,0x06
1.362916000000000,RX,0x0E
1.363437312500000,RX,0x08
1.363958625000000,RX,0x0E
1.364479937500000,RX,0x08
1.365001312500000,RX,0x0E
1.365522625000000,RX,0x06
1.366043937500000,RX,0x0E
1.366565312500000,RX,0x03
1.367086625000000,RX,0x00
1.367607937500000,RX,0x00
1.368129250000000,RX,0x00
1.368650625000000,RX,0x00
1.369171937500000,RX,0x00
1.369693250000000,RX,0x00
1.370214625000000,RX,0x00
1.370735937500000,RX,0x00
1.371257312500000,RX,0x00
1.371778562500000,RX,0x00
1.372299937500000,RX,0x00
1.372821250000000,RX,0x00
1.373342562500000,RX,0x00
1.373863937500000,RX,0x00
1.374385250000000,RX,0x00
1.374906562500000,RX,0x00
1.375427937500000,RX,0x00
1.375949250000000,RX,0x00
1.376470562500000,RX,0x00
1.376991875000000,RX,0x00
1.377491250000000,RX,0x00 (framing error)
1.378010687500000,RX,0x00 (framing error)
1.378555875000000,RX,0x00
1.379077250000000,RX,0x00
1.379598562500000,RX,0x00
1.380119875000000,RX,0x00
1.380641187500000,RX,0x00
1.381162562500000,RX,0x00
1.381683875000000,RX,0x22
1.382205187500000,RX,0x01
1.382726562500000,RX,0xAB
1.383248250000000,RX,0x3F
1.383769187500000,RX,0x00
1.384290500000000,RX,0x00
1.384811875000000,RX,0x8D
1.385333562500000,RX,0x7B
1.385854500000000,RX,0xAB
1.386376250000000,RX,0x00
1.386897187500000,RX,0x02
1.387418500000000,RX,0xBB
1.387940187500000,RX,0x30
1.388461187500000,RX,0x00
1.388982500000000,RX,0x08
1.389502437500000,RX,0x02
1.390021937500000,RX,0x6F
1.390541375000000,RX,0x00
1.391060687500000,RX,0x19
1.391580250000000,RX,0x00
1.392099687500000,RX,0x19
1.392619000000000,RX,0x00
1.393138500000000,RX,0x19
1.393674500000000,RX,0x00
1.394177437500000,RX,0x19
1.394696750000000,RX,0x00
1.395216062500000,RX,0x10 (framing error)
1.395735375000000,RX,0x00 (framing error)
1.396254750000000,RX,0x32 (framing error)
1.396774125000000,RX,0x02 (framing error)
1.397293500000000,RX,0x02 (framing error)
1.397813000000000,RX,0x00 (framing error)
1.398332437500000,RX,0x06 (framing error)
1.398851687500000,RX,0xD0
1.399409812500000,RX,0x00
1.399930500000000,RX,0x0A
1.400451812500000,RX,0x01
1.400973125000000,RX,0x00
1.401494500000000,RX,0x00
1.402015812500000,RX,0x00
1.402537125000000,RX,0x00
1.403058500000000,RX,0x07
1.403579812500000,RX,0x0E
1.404101125000000,RX,0x08
1.404622500000000,RX,0x06
1.405143812500000,RX,0x0D
1.405665125000000,RX,0x9B
1.406186812500000,RX,0x0D
1.406707687500000,RX,0xFE
1.407230062500000,RX,0x14
1.407750437500000,RX,0x00
1.408271812500000,RX,0x00
1.408793125000000,RX,0x00
1.409314437500000,RX,0x70
1.409835750000000,RX,0x00
1.410357125000000,RX,0x6C
1.410878437500000,RX,0x02
1.411399750000000,RX,0xB3
1.411921437500000,RX,0x00
1.412442437500000,RX,0x00
1.412963750000000,RX,0x00
1.413485125000000,RX,0x00
1.414006437500000,RX,0x50
1.414527750000000,RX,0xC2
1.415049625000000,RX,0x0E
1.415570437500000,RX,0xFF
1.540246375000000,TX,0x5A
1.540769500000000,TX,0x5A
1.541292562500000,TX,0x00
1.541815625000000,TX,0x00
1.542338750000000,TX,0x01
1.542861812500000,TX,0x01
1.544342375000000,RX,0xAA
1.544860875000000,RX,0x55
1.545381812500000,RX,0xAA
1.545903500000000,RX,0xFF
1.546425500000000,RX,0x02
1.546945812500000,RX,0xCF
1.547467687500000,RX,0x0E
1.547988500000000,RX,0x05
1.548509812500000,RX,0x0E
1.549031125000000,RX,0x06
1.549552500000000,RX,0x0D
1.550073812500000,RX,0xFD
1.550596000000000,RX,0x0E
1.551116437500000,RX,0x06
1.551637812500000,RX,0x0E
1.552159125000000,RX,0x06
1.552680437500000,RX,0x0D
1.553201812500000,RX,0x9B
1.553723437500000,RX,0x0E
1.554244437500000,RX,0x08
1.554765750000000,RX,0x0E
1.555287125000000,RX,0x06
1.555808437500000,RX,0x0E
1.556329750000000,RX,0x07
1.556851125000000,RX,0x0E
1.557372437500000,RX,0x06
1.557893750000000,RX,0x0E
1.558415125000000,RX,0x07
1.558936437500000,RX,0x0E
1.559457750000000,RX,0x06
1.559979062500000,RX,0x0E
1.560500437500000,RX,0x07
1.561021750000000,RX,0x0E
1.561543125000000,RX,0x05
1.562064437500000,RX,0x0D
1.562585750000000,RX,0xD6
1.563107500000000,RX,0x0E
1.563628375000000,RX,0x06
1.564149750000000,RX,0x0E
1.564671062500000,RX,0x08
1.565192437500000,RX,0x0E
1.565713750000000,RX,0x08
1.566235062500000,RX,0x0E
1.566756375000000,RX,0x06
1.567277750000000,RX,0x0E
1.567799062500000,RX,0x03
1.568320375000000,RX,0x00
1.568820500000000,RX,0x00 (framing error)
1.569339937500000,RX,0x00 (framing error)
1.569884375000000,RX,0x00
1.570405687500000,RX,0x00
1.570927062500000,RX,0x00
1.571448375000000,RX,0x00
1.571969687500000,RX,0x00
1.572491062500000,RX,0x00
1.573012375000000,RX,0x00
1.573533687500000,RX,0x00
1.574055062500000,RX,0x00
1.574576375000000,RX,0x00
1.575097687500000,RX,0x00
1.575619062500000,RX,0x00
1.576140375000000,RX,0x00
1.576661687500000,RX,0x00
1.577183062500000,RX,0x00
1.577704375000000,RX,0x00
1.578225687500000,RX,0x00
1.578747062500000,RX,0x00
1.579268375000000,RX,0x00
1.579789687500000,RX,0x00
1.580311000000000,RX,0x00
1.580832312500000,RX,0x00
1.581353687500000,RX,0x00
1.581875000000000,RX,0x00
1.582396312500000,RX,0x00
1.582917687500000,RX,0x22
1.583439000000000,RX,0x01
1.583960312500000,RX,0xAB
1.584482000000000,RX,0x3F
1.585003000000000,RX,0x00
1.585524312500000,RX,0x00
1.586045625000000,RX,0x8D
1.586567312500000,RX,0x7B
1.587088312500000,RX,0xA1
1.587610000000000,RX,0x00
1.588131000000000,RX,0x02
1.588652312500000,RX,0xBB
1.589174000000000,RX,0x30
1.589695000000000,RX,0x00
1.590216312500000,RX,0x08
1.590737625000000,RX,0x02
1.591259000000000,RX,0x70
1.591780312500000,RX,0x00
1.592301625000000,RX,0x19
1.592822937500000,RX,0x00
1.593344312500000,RX,0x19
1.593865625000000,RX,0x00
1.594386937500000,RX,0x19
1.594908250000000,RX,0x00
1.595429625000000,RX,0x19
1.595950937500000,RX,0x00
1.596472312500000,RX,0x19
1.596993625000000,RX,0x00
1.597514937500000,RX,0x19
1.598036250000000,RX,0x01
1.598557562500000,RX,0x01
1.599078937500000,RX,0x00
1.599600250000000,RX,0x03
1.600121625000000,RX,0xE8
1.600643562500000,RX,0x00
1.601164250000000,RX,0x0A
1.601685562500000,RX,0x01
1.602206937500000,RX,0x00
1.602728250000000,RX,0x00
1.603249625000000,RX,0x00
1.603770937500000,RX,0x00
1.604292250000000,RX,0x07
1.604813562500000,RX,0x0E
1.605334937500000,RX,0x08
1.605856250000000,RX,0x06
1.606377562500000,RX,0x0D
1.606898875000000,RX,0x9B
1.607420625000000,RX,0x0D
1.607941562500000,RX,0xFE
1.608463875000000,RX,0x14
1.608984250000000,RX,0x00
1.609505562500000,RX,0x00
1.610026875000000,RX,0x00
1.610548250000000,RX,0x70
1.611069562500000,RX,0x00
1.611590875000000,RX,0x6C
1.612112187500000,RX,0x02
1.612633562500000,RX,0xB3
1.613155250000000,RX,0x00
1.613676250000000,RX,0x00
1.614197562500000,RX,0x00
1.614718875000000,RX,0x00
1.615240187500000,RX,0x55
1.615761375000000,RX,0x22
1.616282875000000,RX,0x0E
1.616804187500000,RX,0x5B
1.740697875000000,TX,0x5A
1.741220937500000,TX,0x5A
1.741744062500000,TX,0x00
1.742267250000000,TX,0x00
1.742790437500000,TX,0x01
1.743313625000000,TX,0x01
1.744794125000000,RX,0xAA
1.745312625000000,RX,0x55
1.745833625000000,RX,0xAA
1.746355312500000,RX,0xFF
1.746877250000000,RX,0x02
1.747397625000000,RX,0xCF
1.747919437500000,RX,0x0E
1.748440250000000,RX,0x05
1.748961625000000,RX,0x0E
1.749482937500000,RX,0x06
1.750004250000000,RX,0x0D
1.750525562500000,RX,0xFD
1.751047812500000,RX,0x0E
1.751568250000000,RX,0x06
1.752089625000000,RX,0x0E
1.752610937500000,RX,0x06
1.753132250000000,RX,0x0D
1.753653562500000,RX,0x9B
1.754175250000000,RX,0x0E
1.754696250000000,RX,0x08
1.755217562500000,RX,0x0E
1.755738875000000,RX,0x06
1.756260250000000,RX,0x0E
1.756781562500000,RX,0x07
1.757302875000000,RX,0x0E
1.757824250000000,RX,0x06
1.758345562500000,RX,0x0E
1.758866875000000,RX,0x07
1.759388250000000,RX,0x0E
1.759909562500000,RX,0x06
1.760430875000000,RX,0x0E
1.760927125000000,RX,0x06 (framing error)
1.761473562500000,RX,0x0E
1.761994875000000,RX,0x05
1.762516187500000,RX,0x0D
1.763037500000000,RX,0xD6
1.763559375000000,RX,0x0E
1.764080187500000,RX,0x06
1.764601500000000,RX,0x0E
1.765122875000000,RX,0x08
1.765644187500000,RX,0x0E
1.766165500000000,RX,0x08
1.766686875000000,RX,0x0E
1.767208187500000,RX,0x06
1.767729500000000,RX,0x0E
1.768250875000000,RX,0x03
1.768772187500000,RX,0x00
1.769293500000000,RX,0x00
1.769814812500000,RX,0x00
1.770336187500000,RX,0x00
1.770857500000000,RX,0x00
1.771378750000000,RX,0x00
1.771900187500000,RX,0x00
1.772421500000000,RX,0x00
1.772942812500000,RX,0x00
1.773464187500000,RX,0x00
1.773985500000000,RX,0x00
1.774506812500000,RX,0x00
1.775028187500000,RX,0x00
1.775549500000000,RX,0x00
1.776070812500000,RX,0x00
1.776592187500000,RX,0x00
1.777113500000000,RX,0x00
1.777634812500000,RX,0x00
1.778156125000000,RX,0x00
1.778677500000000,RX,0x00
1.779198812500000,RX,0x00
1.779720125000000,RX,0x00
1.780241437500000,RX,0x00
1.780762812500000,RX,0x00
1.781284125000000,RX,0x00
1.781805437500000,RX,0x00
1.782326812500000,RX,0x00
1.782848125000000,RX,0x03
1.783369437500000,RX,0x22
1.783890812500000,RX,0x01
1.784412125000000,RX,0xAB
1.784933812500000,RX,0x3F
1.785454750000000,RX,0x00
1.785976125000000,RX,0x00
1.786497437500000,RX,0x8D
1.787019125000000,RX,0x7B
1.787540125000000,RX,0x84
1.788061812500000,RX,0x00
1.788582687500000,RX,0x02
1.789104125000000,RX,0xBB
1.789625812500000,RX,0x30
1.790146750000000,RX,0x00
1.790668062500000,RX,0x08
1.791189437500000,RX,0x02
1.791710750000000,RX,0x70
1.792232062500000,RX,0x00
1.792753437500000,RX,0x19
1.793274750000000,RX,0x00
1.793796062500000,RX,0x19
1.794317437500000,RX,0x00
1.794838750000000,RX,0x19
1.795360062500000,RX,0x00
1.795881437500000,RX,0x19
1.796402750000000,RX,0x00
1.796924062500000,RX,0x19
1.797445375000000,RX,0x00
1.797966750000000,RX,0x19
1.798488062500000,RX,0x01
1.799009375000000,RX,0x01
1.799530687500000,RX,0x00
1.800052062500000,RX,0x03
1.800573375000000,RX,0xE8
1.801095375000000,RX,0x00
1.801616062500000,RX,0x0A
1.802137375000000,RX,0x01
1.802658687500000,RX,0x00
1.803180062500000,RX,0x00
1.803701375000000,RX,0x00
1.804222687500000,RX,0x15
1.804744000000000,RX,0x07
1.805265312500000,RX,0x0E
1.805786687500000,RX,0x08
1.806308000000000,RX,0x06
1.806829375000000,RX,0x0D
1.807350687500000,RX,0x9B
1.807872375000000,RX,0x0D
1.808393312500000,RX,0xFE
1.808915625000000,RX,0x14
1.809436000000000,RX,0x00
1.809957312500000,RX,0x00
1.810478687500000,RX,0x00
1.811000000000000,RX,0x70
1.811521312500000,RX,0x00
1.812042625000000,RX,0x6C
1.812564000000000,RX,0x02
1.813085375000000,RX,0xB3
1.813607000000000,RX,0x00
1.814128000000000,RX,0x00
1.814649375000000,RX,0x00
1.815170625000000,RX,0x00
1.815691937500000,RX,0x58
1.816213312500000,RX,0xC2
1.816735187500000,RX,0x0E
1.817255937500000,RX,0xF9
1.941932000000000,TX,0x5A
1.942455125000000,TX,0x5A
1.942978312500000,TX,0x00
1.943501500000000,TX,0x00
1.944024687500000,TX,0x01
1.944547875000000,TX,0x01
1.945923750000000,RX,0xAA
1.946442187500000,RX,0x55
1.946963125000000,RX,0xAA
1.947484812500000,RX,0xFF
1.948006812500000,RX,0x02
1.948527125000000,RX,0xCF
1.949049000000000,RX,0x0E
1.949569812500000,RX,0x05
1.950091125000000,RX,0x0E
1.950612437500000,RX,0x06
1.951133812500000,RX,0x0D
1.951655125000000,RX,0xFD
1.952177312500000,RX,0x0E
1.952697812500000,RX,0x06
1.953219125000000,RX,0x0E
1.953740437500000,RX,0x06
1.954261812500000,RX,0x0D
1.954783125000000,RX,0x9B
1.955304812500000,RX,0x0E
1.955825750000000,RX,0x08
1.956347062500000,RX,0x0E
1.956868437500000,RX,0x06
1.957389750000000,RX,0x0E
1.957911062500000,RX,0x07
1.958432437500000,RX,0x0E
1.958953750000000,RX,0x06
1.959458062500000,RX,0x0E
1.959996437500000,RX,0x07
1.960517750000000,RX,0x0E
1.961039062500000,RX,0x06
1.961560375000000,RX,0x0E
1.962081750000000,RX,0x07
1.962603062500000,RX,0x0E
1.963124375000000,RX,0x05
1.963645750000000,RX,0x0D
1.964167062500000,RX,0xD6
1.964688937500000,RX,0x0E
1.965209687500000,RX,0x06
1.965731000000000,RX,0x0E
1.966252375000000,RX,0x08
1.966773687500000,RX,0x0E
1.967295000000000,RX,0x08
1.967816375000000,RX,0x0E
1.968337687500000,RX,0x06
1.968859000000000,RX,0x0E
1.969380375000000,RX,0x03
1.969901687500000,RX,0x00
1.970423062500000,RX,0x00
1.970944375000000,RX,0x00
1.971465687500000,RX,0x00
1.971987000000000,RX,0x00
1.972508375000000,RX,0x00
1.973029687500000,RX,0x00
1.973551000000000,RX,0x00
1.974072375000000,RX,0x00
1.974593687500000,RX,0x00
1.975115000000000,RX,0x00
1.975636312500000,RX,0x00
1.976157687500000,RX,0x00
1.976679000000000,RX,0x00
1.977200312500000,RX,0x00
1.977721625000000,RX,0x00
1.978243000000000,RX,0x00
1.978764312500000,RX,0x00
1.979285625000000,RX,0x00
1.979807000000000,RX,0x00
1.980328312500000,RX,0x00
1.980849625000000,RX,0x00
1.981371000000000,RX,0x00
1.981892312500000,RX,0x00
1.982413625000000,RX,0x00
1.982934937500000,RX,0x00
1.983456312500000,RX,0x00
1.983977625000000,RX,0x03
1.984498937500000,RX,0x22
1.985020312500000,RX,0x01
1.985541625000000,RX,0xAB
1.986063312500000,RX,0x3F
1.986584312500000,RX,0x00
1.987105625000000,RX,0x00
1.987626937500000,RX,0x8D
1.988148687500000,RX,0x7B
1.988669625000000,RX,0x68
1.989190937500000,RX,0x00
1.989712062500000,RX,0x02
1.990233562500000,RX,0xBB
1.990755250000000,RX,0x30
1.991276250000000,RX,0x00
1.991797562500000,RX,0x08
1.992318937500000,RX,0x02
1.992840250000000,RX,0x70
1.993361562500000,RX,0x00
1.993882937500000,RX,0x19
1.994404250000000,RX,0x00
1.994925562500000,RX,0x19
1.995446937500000,RX,0x00
1.995968250000000,RX,0x19
1.996489562500000,RX,0x00
1.997010875000000,RX,0x19
1.997532250000000,RX,0x00
1.998053562500000,RX,0x19
1.998574875000000,RX,0x00
1.999096250000000,RX,0x19
1.999617562500000,RX,0x01
2.000138875000000,RX,0x01
2.000660250000000,RX,0x00
2.001181562500000,RX,0x03
2.001702875000000,RX,0xE8
2.002224937500000,RX,0x00
2.002745562500000,RX,0x0A
2.003266875000000,RX,0x01
2.003788187500000,RX,0x00
2.004309500000000,RX,0x00
2.004830875000000,RX,0x00
2.005352250000000,RX,0x32
2.005873500000000,RX,0x07
2.006394875000000,RX,0x0E
2.006916187500000,RX,0x08
2.007437500000000,RX,0x06
2.007958875000000,RX,0x0D
2.008480187500000,RX,0x9B
2.009001875000000,RX,0x0D
2.009522812500000,RX,0xFE
2.010045125000000,RX,0x14
2.010565500000000,RX,0x00
2.011086812500000,RX,0x00
2.011608187500000,RX,0x00
2.012129500000000,RX,0x70
2.012650812500000,RX,0x00
2.013172187500000,RX,0x6C
2.013693500000000,RX,0x02
2.014214812500000,RX,0xB3
2.014736562500000,RX,0x00
2.015257500000000,RX,0x00
2.015778812500000,RX,0x00
2.016300125000000,RX,0x00
2.016821500000000,RX,0x5C
2.017342812500000,RX,0xC2
2.017864687500000,RX,0x0E
2.018385500000000,RX,0xFE
2.142762125000000,TX,0x5A
2.143285312500000,TX,0x5A
2.143808437500000,TX,0x00
2.144331562500000,TX,0x00
2.144854750000000,TX,0x01
2.145377937500000,TX,0x01
2.146688312500000,RX,0xAA
2.147206750000000,RX,0x55
2.147727687500000,RX,0xAA
2.148249375000000,RX,0xFF
2.148771375000000,RX,0x02
2.149291687500000,RX,0xCF
2.149813562500000,RX,0x0E
2.150334375000000,RX,0x05
2.150855687500000,RX,0x0E
2.151377000000000,RX,0x06
2.151898375000000,RX,0x0D
2.152419687500000,RX,0xFD
2.152941937500000,RX,0x0E
2.153462375000000,RX,0x06
2.153983687500000,RX,0x0E
2.154505000000000,RX,0x06
2.155026375000000,RX,0x0D
2.155547687500000,RX,0x9B
2.156069375000000,RX,0x0E
2.156590375000000,RX,0x08
2.157111687500000,RX,0x0E
2.157633000000000,RX,0x06
2.158154312500000,RX,0x0E
2.158675687500000,RX,0x06
2.159197000000000,RX,0x0E
2.159718312500000,RX,0x06
2.160239687500000,RX,0x0E
2.160760937500000,RX,0x07
2.161282312500000,RX,0x0E
2.161803562500000,RX,0x06
2.162325000000000,RX,0x0E
2.162846312500000,RX,0x07
2.163367625000000,RX,0x0E
2.163888937500000,RX,0x04
2.164410312500000,RX,0x0D
2.164931625000000,RX,0xD6
2.165453500000000,RX,0x0E
2.165974312500000,RX,0x06
2.166495625000000,RX,0x0E
2.167016937500000,RX,0x08
2.167538312500000,RX,0x0E
2.168059625000000,RX,0x08
2.168580937500000,RX,0x0E
2.169102312500000,RX,0x06
2.169623625000000,RX,0x0E
2.170144937500000,RX,0x03
2.170666250000000,RX,0x00
2.171187625000000,RX,0x00
2.171708937500000,RX,0x00
2.172230250000000,RX,0x00
2.172751562500000,RX,0x00
2.173272937500000,RX,0x00
2.173794250000000,RX,0x00
2.174315562500000,RX,0x00
2.174836937500000,RX,0x00
2.175358250000000,RX,0x00
2.175879562500000,RX,0x00
2.176400937500000,RX,0x00
2.176922250000000,RX,0x00
2.177443625000000,RX,0x00
2.177964875000000,RX,0x00
2.178486250000000,RX,0x00
2.179007562500000,RX,0x00
2.179528875000000,RX,0x00
2.180050250000000,RX,0x00
2.180571562500000,RX,0x00
2.181092875000000,RX,0x00
2.181614250000000,RX,0x00
2.182135562500000,RX,0x00
2.182656875000000,RX,0x00
2.183178250000000,RX,0x00
2.183699562500000,RX,0x00
2.184220875000000,RX,0x00
2.184742187500000,RX,0x03
2.185263562500000,RX,0x22
2.185784875000000,RX,0x01
2.186306187500000,RX,0xAB
2.186827875000000,RX,0x3F
2.187348875000000,RX,0x00
2.187870187500000,RX,0x00
2.188391562500000,RX,0x8D
2.188913187500000,RX,0x7B
2.189434187500000,RX,0x68
2.189955500000000,RX,0x00
2.190476875000000,RX,0x02
2.190998187500000,RX,0xBB
2.191519875000000,RX,0x30
2.192040812500000,RX,0x00
2.192562187500000,RX,0x08
2.193083500000000,RX,0x02
2.193604812500000,RX,0x70
2.194126187500000,RX,0x00
2.194647562500000,RX,0x19
2.195168812500000,RX,0x00
2.195690187500000,RX,0x1A
2.196211500000000,RX,0x00
2.196732812500000,RX,0x19
2.197254125000000,RX,0x00
2.197775500000000,RX,0x19
2.198296812500000,RX,0x00
2.198818125000000,RX,0x19
2.199339500000000,RX,0x00
2.199860812500000,RX,0x19
2.200382187500000,RX,0x01
2.200903500000000,RX,0x01
2.201424812500000,RX,0x00
2.201946125000000,RX,0x03
2.202467437500000,RX,0xE8
2.202989500000000,RX,0x00
2.203510125000000,RX,0x0A
2.204031437500000,RX,0x01
2.204552812500000,RX,0x00
2.205074125000000,RX,0x00
2.205595437500000,RX,0x00
2.206116750000000,RX,0x15
2.206638125000000,RX,0x07
2.207159437500000,RX,0x0E
2.207680812500000,RX,0x08
2.208202125000000,RX,0x06
2.208723437500000,RX,0x0D
2.209244812500000,RX,0x9B
2.209766437500000,RX,0x0D
2.210287437500000,RX,0xFD
2.210809687500000,RX,0x14
2.211330125000000,RX,0x00
2.211851500000000,RX,0x00
2.212372750000000,RX,0x00
2.212894125000000,RX,0x70
2.213415437500000,RX,0x00
2.213936750000000,RX,0x6C
2.214458062500000,RX,0x02
2.214979437500000,RX,0xB3
2.215501062500000,RX,0x00
2.216022062500000,RX,0x00
2.216543437500000,RX,0x00
2.217064750000000,RX,0x00
2.217586062500000,RX,0x60
2.218107375000000,RX,0xC2
2.218629250000000,RX,0x0E
2.219150062500000,RX,0xE3
2.343337375000000,TX,0x5A
2.343860500000000,TX,0x5A
2.344383687500000,TX,0x00
2.344906875000000,TX,0x00
2.345430000000000,TX,0x01
2.345953125000000,TX,0x01
2.347296437500000,RX,0xAA
2.347814937500000,RX,0x55
2.348335875000000,RX,0xAA
2.348857562500000,RX,0xFF
2.349379562500000,RX,0x02
2.349899875000000,RX,0xCF
2.350421750000000,RX,0x0E
2.350942562500000,RX,0x05
2.351463875000000,RX,0x0E
2.351985187500000,RX,0x06
2.352506562500000,RX,0x0D
2.353027875000000,RX,0xFD
2.353550062500000,RX,0x0E
2.354070562500000,RX,0x06
2.354591875000000,RX,0x0E
2.355113187500000,RX,0x06
2.355634562500000,RX,0x0D
2.356155875000000,RX,0x9B
2.356677562500000,RX,0x0E
2.357198500000000,RX,0x07
2.357719875000000,RX,0x0E
2.358241187500000,RX,0x06
2.358762500000000,RX,0x0E
2.359283812500000,RX,0x06
2.359805187500000,RX,0x0E
2.360326500000000,RX,0x06
2.360847812500000,RX,0x0E
2.361369187500000,RX,0x07
2.361890500000000,RX,0x0E
2.362411812500000,RX,0x06
2.362933187500000,RX,0x0E
2.363454500000000,RX,0x07
2.363975812500000,RX,0x0E
2.364497187500000,RX,0x04
2.365018500000000,RX,0x0D
2.365539812500000,RX,0xD6
2.366061687500000,RX,0x0E
2.366582500000000,RX,0x05
2.367103812500000,RX,0x0E
2.367625125000000,RX,0x08
2.368146500000000,RX,0x0E
2.368667812500000,RX,0x08
2.369189125000000,RX,0x0E
2.369710500000000,RX,0x06
2.370231812500000,RX,0x0E
2.370753125000000,RX,0x03
2.371274437500000,RX,0x00
2.371795812500000,RX,0x00
2.372317125000000,RX,0x00
2.372838437500000,RX,0x00
2.373359812500000,RX,0x00
2.373881125000000,RX,0x00
2.374402437500000,RX,0x00
2.374923750000000,RX,0x00
2.375445125000000,RX,0x00
2.375966437500000,RX,0x00
2.376487750000000,RX,0x00
2.377009125000000,RX,0x00
2.377530437500000,RX,0x00
2.378051750000000,RX,0x00
2.378573062500000,RX,0x00
2.379094437500000,RX,0x00
2.379615750000000,RX,0x00
2.380137125000000,RX,0x00
2.380658437500000,RX,0x00
2.381179750000000,RX,0x00
2.381701125000000,RX,0x00
2.382222437500000,RX,0x00
2.382743750000000,RX,0x00
2.383265062500000,RX,0x00
2.383786437500000,RX,0x00
2.384307750000000,RX,0x00
2.384829062500000,RX,0x00
2.385350437500000,RX,0x01
2.385871750000000,RX,0x22
2.386393062500000,RX,0x01
2.386914375000000,RX,0xAB
2.387436062500000,RX,0x3F
2.387957062500000,RX,0x00
2.388478375000000,RX,0x00
2.388999750000000,RX,0x8D
2.389521437500000,RX,0x7B
2.390042375000000,RX,0x68
2.390563750000000,RX,0x00
2.391085062500000,RX,0x02
2.391606375000000,RX,0xBB
2.392128125000000,RX,0x30
2.392649062500000,RX,0x00
2.393170375000000,RX,0x08
2.393691687500000,RX,0x02
2.394213062500000,RX,0x70
2.394734375000000,RX,0x00
2.395255687500000,RX,0x19
2.395777000000000,RX,0x00
2.396298375000000,RX,0x1A
2.396819687500000,RX,0x00
2.397341062500000,RX,0x19
2.397862312500000,RX,0x00
2.398383687500000,RX,0x19
2.398905000000000,RX,0x00
2.399426312500000,RX,0x19
2.399947687500000,RX,0x00
2.400469000000000,RX,0x19
2.400990312500000,RX,0x01
2.401511625000000,RX,0x01
2.402033000000000,RX,0x00
2.402554312500000,RX,0x03
2.403075687500000,RX,0xE8
2.403597625000000,RX,0x00
2.404118312500000,RX,0x0A
2.404639625000000,RX,0x01
2.405160937500000,RX,0x00
2.405682312500000,RX,0x00
2.406203625000000,RX,0x00
2.406724937500000,RX,0x07
2.407246312500000,RX,0x11
2.407767625000000,RX,0x0E
2.408288937500000,RX,0x08
2.408810312500000,RX,0x06
2.409331625000000,RX,0x0D
2.409853000000000,RX,0x9B
2.410374625000000,RX,0x0D
2.410895625000000,RX,0xFD
2.411417875000000,RX,0x14
2.411938312500000,RX,0x00
2.412459625000000,RX,0x00
2.412980875000000,RX,0x00
2.413502312500000,RX,0x70
2.414023625000000,RX,0x00
2.414544937500000,RX,0x6C
2.415066312500000,RX,0x02
2.415587625000000,RX,0xB3
2.416109312500000,RX,0x00
2.416630250000000,RX,0x00
2.417151562500000,RX,0x00
2.417672937500000,RX,0x00
2.418194250000000,RX,0x65
2.418715562500000,RX,0x22
2.419236937500000,RX,0x0E
2.419758250000000,RX,0x40
2.544324687500000,TX,0x5A
2.544847812500000,TX,0x5A
2.545371000000000,TX,0x00
2.545894062500000,TX,0x00
2.546417187500000,TX,0x01
2.546940375000000,TX,0x01
2.548321750000000,RX,0xAA
2.548840187500000,RX,0x55
2.549361125000000,RX,0xAA
2.549882812500000,RX,0xFF
2.550404812500000,RX,0x02
2.550925125000000,RX,0xCF
2.551447000000000,RX,0x0E
2.551967812500000,RX,0x04
2.552489125000000,RX,0x0E
2.553010437500000,RX,0x06
2.553531812500000,RX,0x0D
2.554053125000000,RX,0xFD
2.554575312500000,RX,0x0E
2.555095812500000,RX,0x06
2.555617125000000,RX,0x0E
2.556138437500000,RX,0x06
2.556659750000000,RX,0x0D
2.557181125000000,RX,0x9A
2.557702812500000,RX,0x0E
2.558223750000000,RX,0x07
2.558745125000000,RX,0x0E
2.559266437500000,RX,0x06
2.559787750000000,RX,0x0E
2.560309062500000,RX,0x06
2.560830437500000,RX,0x0E
2.561351750000000,RX,0x06
2.561873062500000,RX,0x0E
2.562394437500000,RX,0x07
2.562915750000000,RX,0x0E
2.563437062500000,RX,0x06
2.563958375000000,RX,0x0E
2.564479750000000,RX,0x07
2.565001125000000,RX,0x0E
2.565522375000000,RX,0x04
2.566043750000000,RX,0x0D
2.566565062500000,RX,0xD6
2.567086937500000,RX,0x0E
2.567607750000000,RX,0x05
2.568129062500000,RX,0x0E
2.568650375000000,RX,0x07
2.569171687500000,RX,0x0E
2.569693000000000,RX,0x07
2.570214375000000,RX,0x0E
2.570735687500000,RX,0x05
2.571257062500000,RX,0x0E
2.571778375000000,RX,0x00
2.572299687500000,RX,0x00
2.572821000000000,RX,0x00
2.573342375000000,RX,0x00
2.573863687500000,RX,0x00
2.574385000000000,RX,0x00
2.574906375000000,RX,0x00
2.575427687500000,RX,0x00
2.575949000000000,RX,0x00
2.576470375000000,RX,0x00
2.576991687500000,RX,0x00
2.577513000000000,RX,0x00
2.578034312500000,RX,0x00
2.578555687500000,RX,0x00
2.579077000000000,RX,0x00
2.579598312500000,RX,0x00
2.580119687500000,RX,0x00
2.580641000000000,RX,0x00
2.581162312500000,RX,0x00
2.581683687500000,RX,0x00
2.582205000000000,RX,0x00
2.582726312500000,RX,0x00
2.583247687500000,RX,0x00
2.583769000000000,RX,0x00
2.584290312500000,RX,0x00
2.584811625000000,RX,0x00
2.585333000000000,RX,0x00
2.585854312500000,RX,0x00
2.586375625000000,RX,0x13
2.586896937500000,RX,0x22
2.587418312500000,RX,0x01
2.587939625000000,RX,0xAB
2.588461312500000,RX,0x3F
2.588982312500000,RX,0x00
2.589503625000000,RX,0x00
2.590024937500000,RX,0x8D
2.590546625000000,RX,0x7A
2.591067625000000,RX,0xE5
2.591589625000000,RX,0x00
2.592110312500000,RX,0x02
2.592631625000000,RX,0xBB
2.593153312500000,RX,0x30
2.593674250000000,RX,0x00
2.594195625000000,RX,0x08
2.594716937500000,RX,0x02
2.595238250000000,RX,0x71
2.595759625000000,RX,0x00
2.596280937500000,RX,0x19
2.596802250000000,RX,0x00
2.597323562500000,RX,0x19
2.597844937500000,RX,0x00
2.598366250000000,RX,0x19
2.598887562500000,RX,0x00
2.599408937500000,RX,0x19
2.599930312500000,RX,0x00
2.600451562500000,RX,0x19
2.600972937500000,RX,0x00
2.601494250000000,RX,0x19
2.602015562500000,RX,0x01
2.602536875000000,RX,0x01
2.603058187500000,RX,0x00
2.603579562500000,RX,0x03
2.604100875000000,RX,0xE8
2.604622875000000,RX,0x00
2.605143562500000,RX,0x0A
2.605664875000000,RX,0x01
2.606186250000000,RX,0x00
2.606707562500000,RX,0x00
2.607228875000000,RX,0x00
2.607750250000000,RX,0x07
2.608271562500000,RX,0x07
2.608792875000000,RX,0x0E
2.609314187500000,RX,0x07
2.609835562500000,RX,0x06
2.610356875000000,RX,0x0D
2.610878187500000,RX,0x9A
2.611399875000000,RX,0x0D
2.611920875000000,RX,0xFD
2.612443062500000,RX,0x14
2.612963562500000,RX,0x00
2.613484875000000,RX,0x00
2.614006187500000,RX,0x00
2.614527562500000,RX,0x70
2.615048875000000,RX,0x00
2.615570187500000,RX,0x6C
2.616091500000000,RX,0x02
2.616612875000000,RX,0xB3
2.617134562500000,RX,0x00
2.617655500000000,RX,0x00
2.618176875000000,RX,0x00
2.618698187500000,RX,0x00
2.619219500000000,RX,0x68
2.619740812500000,RX,0xC2
2.620262687500000,RX,0x0F
2.620783500000000,RX,0x5D
2.744988750000000,TX,0x5A
2.745511937500000,TX,0x5A
2.746035062500000,TX,0x00
2.746558187500000,TX,0x00
2.747081312500000,TX,0x01
2.747604437500000,TX,0x01
2.749034125000000,RX,0xAA
2.749552625000000,RX,0x55
2.750073562500000,RX,0xAA
2.750595250000000,RX,0xFF
2.751117250000000,RX,0x02
2.751637562500000,RX,0xCF
2.752159437500000,RX,0x0E
2.752680250000000,RX,0x03
2.753201562500000,RX,0x0E
2.753722937500000,RX,0x04
2.754244250000000,RX,0x0D
2.754765562500000,RX,0xFA
2.755287750000000,RX,0x0E
2.755808250000000,RX,0x03
2.756329562500000,RX,0x0E
2.756850937500000,RX,0x06
2.757372250000000,RX,0x0D
2.757893562500000,RX,0x97
2.758415250000000,RX,0x0E
2.758936187500000,RX,0x05
2.759457562500000,RX,0x0E
2.759978875000000,RX,0x03
2.760500250000000,RX,0x0E
2.761021562500000,RX,0x05
2.761542812500000,RX,0x0E
2.762064187500000,RX,0x04
2.762585562500000,RX,0x0E
2.763106875000000,RX,0x06
2.763628187500000,RX,0x0E
2.764149562500000,RX,0x04
2.764670875000000,RX,0x0E
2.765192187500000,RX,0x06
2.765713500000000,RX,0x0E
2.766234875000000,RX,0x03
2.766756187500000,RX,0x0D
2.767277500000000,RX,0xD4
2.767799375000000,RX,0x0E
2.768320187500000,RX,0x04
2.768841500000000,RX,0x0E
2.769362812500000,RX,0x06
2.769884187500000,RX,0x0E
2.770405500000000,RX,0x06
2.770926812500000,RX,0x0E
2.771448187500000,RX,0x04
2.771969500000000,RX,0x0E
2.772490812500000,RX,0x00
2.773012187500000,RX,0x00
2.773533562500000,RX,0x00
2.774054812500000,RX,0x00
2.774576187500000,RX,0x00
2.775097500000000,RX,0x00
2.775618812500000,RX,0x00
2.776140187500000,RX,0x00
2.776661500000000,RX,0x00
2.777182812500000,RX,0x00
2.777704125000000,RX,0x00
2.778225437500000,RX,0x00
2.778746812500000,RX,0x00
2.779268125000000,RX,0x00
2.779789500000000,RX,0x00
2.780310812500000,RX,0x00
2.780832125000000,RX,0x00
2.781353437500000,RX,0x00
2.781874812500000,RX,0x00
2.782396125000000,RX,0x00
2.782917437500000,RX,0x00
2.783438812500000,RX,0x00
2.783960125000000,RX,0x00
2.784481437500000,RX,0x00
2.785002750000000,RX,0x00
2.785524125000000,RX,0x00
2.786045437500000,RX,0x00
2.786566750000000,RX,0x00
2.787088125000000,RX,0x0D
2.787609437500000,RX,0x22
2.788130750000000,RX,0x01
2.788652125000000,RX,0xAB
2.789173812500000,RX,0x3F
2.789694750000000,RX,0x00
2.790216125000000,RX,0x00
2.790737437500000,RX,0x8D
2.791259125000000,RX,0x7A
2.791780062500000,RX,0xB3
2.792301750000000,RX,0x00
2.792822750000000,RX,0x02
2.793344062500000,RX,0xBB
2.793865750000000,RX,0x30
2.794386750000000,RX,0x00
2.794908062500000,RX,0x08
2.795429250000000,RX,0x02
2.795950750000000,RX,0x71
2.796472062500000,RX,0x00
2.796993437500000,RX,0x19
2.797514687500000,RX,0x00
2.798036062500000,RX,0x19
2.945959625000000,TX,0x5A
2.946482750000000,TX,0x5A
2.947005875000000,TX,0x00
2.947528937500000,TX,0x00
2.948052062500000,TX,0x01
2.948575125000000,TX,0x01
3.146665125000000,TX,0x5A
3.147188312500000,TX,0x5A
3.147711437500000,TX,0x00
3.148234625000000,TX,0x00
3.148757750000000,TX,0x01
3.149280875000000,TX,0x01
3.347547625000000,TX,0x5A
3.348070750000000,TX,0x5A
3.348593937500000,TX,0x00
3.349117000000000,TX,0x00
3.349640125000000,TX,0x01
3.350163250000000,TX,0x01
3.548382812500000,TX,0x5A
3.548906000000000,TX,0x5A
3.549429187500000,TX,0x00
3.549952375000000,TX,0x00
3.550475562500000,TX,0x01
3.550998812500000,TX,0x01
3.749326125000000,TX,0x5A
3.749849250000000,TX,0x5A
3.750372500000000,TX,0x00
3.750895687500000,TX,0x00
3.751418937500000,TX,0x01
3.751942125000000,TX,0x01
2.814198312500000,RX,0xFF
2.814719625000000,RX,0x00
2.815239937500000,RX,0x70
2.815761312500000,RX,0x00
2.816282625000000,RX,0x6C
2.816803937500000,RX,0x02
2.817325312500000,RX,0xB3
2.817846937500000,RX,0x00
2.818367937500000,RX,0x00
2.818889312500000,RX,0x00
2.819410625000000,RX,0x00
2.819931937500000,RX,0x6C
2.820453250000000,RX,0x0E
2.820974625000000,RX,0x10
2.821495937500000,RX,0xA2
2.945959625000000,TX,0x5A
2.946482750000000,TX,0x5A
2.947005875000000,TX,0x00
2.947528937500000,TX,0x00
2.948052062500000,TX,0x01
2.948575125000000,TX,0x01
2.950059437500000,RX,0xAA
2.950577875000000,RX,0x55
2.951098812500000,RX,0xAA
2.951620562500000,RX,0xFF
2.952142500000000,RX,0x02
2.952662812500000,RX,0xCF
2.953184687500000,RX,0x0E
2.953705500000000,RX,0x03
2.954226812500000,RX,0x0E
2.954748125000000,RX,0x03
2.955269500000000,RX,0x0D
2.955790812500000,RX,0xF9
2.956313000000000,RX,0x0E
2.956833500000000,RX,0x03
2.957354812500000,RX,0x0E
2.957876125000000,RX,0x04
2.958397437500000,RX,0x0D
2.958918812500000,RX,0x97
2.959440500000000,RX,0x0E
2.959961437500000,RX,0x05
2.960482812500000,RX,0x0E
2.961004125000000,RX,0x03
2.961525437500000,RX,0x0E
2.962046750000000,RX,0x05
2.962568125000000,RX,0x0E
2.963089437500000,RX,0x04
2.963610812500000,RX,0x0E
2.964132125000000,RX,0x06
2.964653437500000,RX,0x0E
2.965174750000000,RX,0x04
2.965696125000000,RX,0x0E
2.966217437500000,RX,0x05
2.966738812500000,RX,0x0E
2.967260062500000,RX,0x03
2.967781437500000,RX,0x0D
2.968302750000000,RX,0xD4
2.968824625000000,RX,0x0E
2.969345437500000,RX,0x04
2.969866750000000,RX,0x0E
2.970388062500000,RX,0x05
2.970909437500000,RX,0x0E
2.971430750000000,RX,0x06
2.971952062500000,RX,0x0E
2.972473375000000,RX,0x03
2.972994750000000,RX,0x0D
2.973516062500000,RX,0xFF
2.974038375000000,RX,0x00
2.974558750000000,RX,0x00
2.975080062500000,RX,0x00
2.975601375000000,RX,0x00
2.976122750000000,RX,0x00
2.976644062500000,RX,0x00
2.977165375000000,RX,0x00
2.977686750000000,RX,0x00
2.978208062500000,RX,0x00
2.978729375000000,RX,0x00
2.979250687500000,RX,0x00
2.979772062500000,RX,0x00
2.980293375000000,RX,0x00
2.980814687500000,RX,0x00
2.981336062500000,RX,0x00
2.981857375000000,RX,0x00
2.982378687500000,RX,0x00
2.982900000000000,RX,0x00
2.983421375000000,RX,0x00
2.983942750000000,RX,0x00
2.984464062500000,RX,0x00
2.984985375000000,RX,0x00
2.985506687500000,RX,0x00
2.986028000000000,RX,0x00
2.986549375000000,RX,0x00
2.987070687500000,RX,0x00
2.987592000000000,RX,0x00
2.988113312500000,RX,0x0D
2.988634687500000,RX,0x22
2.989156000000000,RX,0x01
2.989677312500000,RX,0xAB
2.990199000000000,RX,0x3F
2.990720000000000,RX,0x00
2.991241312500000,RX,0x00
2.991762625000000,RX,0x8D
2.992284312500000,RX,0x7A
2.992805312500000,RX,0x79
2.993326625000000,RX,0x00
2.993848000000000,RX,0x02
2.994369312500000,RX,0xBB
2.994891000000000,RX,0x30
2.995412000000000,RX,0x00
2.995933312500000,RX,0x08
2.996454625000000,RX,0x02
2.996975937500000,RX,0x71
2.997497312500000,RX,0x00
2.998018625000000,RX,0x19
2.998539937500000,RX,0x00
2.999061312500000,RX,0x19
2.999582625000000,RX,0x00
3.000103937500000,RX,0x19
3.000625312500000,RX,0x00
3.001146625000000,RX,0x19
3.001668000000000,RX,0x00
3.002189312500000,RX,0x19
3.002710562500000,RX,0x00
3.003231937500000,RX,0x20
3.003753250000000,RX,0x01
3.004274625000000,RX,0x01
3.004795937500000,RX,0x00
3.005317312500000,RX,0x03
3.005838562500000,RX,0xE8
3.006360562500000,RX,0x00
3.006881250000000,RX,0x0A
3.007402562500000,RX,0x01
3.007923937500000,RX,0x00
3.008445250000000,RX,0x00
3.008966625000000,RX,0x00
3.009487875000000,RX,0x5D
3.010009250000000,RX,0x0B
3.010530562500000,RX,0x0E
3.011051937500000,RX,0x06
3.011573250000000,RX,0x06
3.012094562500000,RX,0x0D
3.012615937500000,RX,0x97
3.013137625000000,RX,0x0D
3.013658562500000,RX,0xFB
3.014180750000000,RX,0x14
3.014701250000000,RX,0x00
3.015222562500000,RX,0x00
3.015743875000000,RX,0x00
3.016265250000000,RX,0x70
3.016786562500000,RX,0x00
3.017307875000000,RX,0x6C
3.017829187500000,RX,0x02
3.018350562500000,RX,0xB3
3.018872250000000,RX,0x00
3.019393187500000,RX,0x00
3.019914562500000,RX,0x00
3.020435875000000,RX,0x00
3.020957187500000,RX,0xF0
3.021479312500000,RX,0x06
3.021999875000000,RX,0x0F
3.022521187500000,RX,0xEA
3.146665125000000,TX,0x5A
3.147188312500000,TX,0x5A
3.147711437500000,TX,0x00
3.148234625000000,TX,0x00
3.148757750000000,TX,0x01
3.148862625000000,RX,0xFF
3.149280875000000,TX,0x01
3.150824000000000,RX,0xAA
3.151342437500000,RX,0x55
3.151863437500000,RX,0xAA
3.152385125000000,RX,0xFF
3.152907062500000,RX,0x02
3.153427375000000,RX,0xCF
3.153949250000000,RX,0x0E
3.154470062500000,RX,0x01
3.154991437500000,RX,0x0E
3.155512750000000,RX,0x02
3.156034062500000,RX,0x0D
3.156555375000000,RX,0xF8
3.157077562500000,RX,0x0E
3.157598062500000,RX,0x02
3.158119375000000,RX,0x0E
3.158640687500000,RX,0x03
3.159162062500000,RX,0x0D
3.159683375000000,RX,0x95
3.160205062500000,RX,0x0E
3.160726062500000,RX,0x04
3.161247375000000,RX,0x0E
3.161768687500000,RX,0x02
3.162290062500000,RX,0x0E
3.162811375000000,RX,0x04
3.163332687500000,RX,0x0E
3.163854000000000,RX,0x03
3.164375375000000,RX,0x0E
3.164896687500000,RX,0x06
3.165418000000000,RX,0x0E
3.165939312500000,RX,0x03
3.166460687500000,RX,0x0E
3.166982000000000,RX,0x04
3.167503375000000,RX,0x0E
3.168024687500000,RX,0x02
3.168546000000000,RX,0x0D
3.169067312500000,RX,0xD4
3.169589187500000,RX,0x0E
3.170110000000000,RX,0x03
3.170631312500000,RX,0x0E
3.171152687500000,RX,0x03
3.171674000000000,RX,0x0E
3.172195312500000,RX,0x05
3.172716687500000,RX,0x0E
3.173238000000000,RX,0x02
3.173759312500000,RX,0x0D
3.174280625000000,RX,0xFE
3.174802937500000,RX,0x00
3.175323312500000,RX,0x00
3.175844625000000,RX,0x00
3.176366000000000,RX,0x00
3.176887312500000,RX,0x00
3.177408687500000,RX,0x00
3.177929937500000,RX,0x00
3.178451312500000,RX,0x00
3.178972625000000,RX,0x00
3.179493937500000,RX,0x00
3.180015312500000,RX,0x00
3.180536625000000,RX,0x00
3.181057937500000,RX,0x00
3.181579312500000,RX,0x00
3.182100625000000,RX,0x00
3.182621937500000,RX,0x00
3.183143250000000,RX,0x00
3.183664625000000,RX,0x00
3.184185937500000,RX,0x00
3.184707250000000,RX,0x00
3.185228625000000,RX,0x00
3.185749937500000,RX,0x00
3.186271250000000,RX,0x00
3.186792625000000,RX,0x00
3.187313937500000,RX,0x00
3.187835250000000,RX,0x00
3.188356562500000,RX,0x00
3.188877937500000,RX,0x0D
3.189399250000000,RX,0x22
3.189920562500000,RX,0x01
3.190441937500000,RX,0xAB
3.190963562500000,RX,0x3F
3.191484562500000,RX,0x00
3.192005937500000,RX,0x00
3.192527250000000,RX,0x8D
3.193048937500000,RX,0x7A
3.193569937500000,RX,0x01
3.194091250000000,RX,0x00
3.194612562500000,RX,0x02
3.195133875000000,RX,0xBB
3.195655562500000,RX,0x30
3.196176562500000,RX,0x00
3.196697875000000,RX,0x08
3.197219250000000,RX,0x02
3.197740500000000,RX,0x71
3.198261875000000,RX,0x00
3.198783187500000,RX,0x19
3.199304562500000,RX,0x00
3.199825875000000,RX,0x19
3.200347187500000,RX,0x00
3.200868562500000,RX,0x19
3.201389875000000,RX,0x00
3.201911187500000,RX,0x19
3.202432562500000,RX,0x00
3.202953875000000,RX,0x19
3.203475187500000,RX,0x00
3.203996562500000,RX,0x20
3.204517875000000,RX,0x01
3.205039187500000,RX,0x01
3.205560500000000,RX,0x00
3.206081875000000,RX,0x03
3.206603187500000,RX,0xE8
3.207125187500000,RX,0x00
3.207645875000000,RX,0x0A
3.208167187500000,RX,0x01
3.208688500000000,RX,0x00
3.209209875000000,RX,0x00
3.209731187500000,RX,0x00
3.210252562500000,RX,0x56
3.210773812500000,RX,0x0B
3.211295187500000,RX,0x0E
3.211816500000000,RX,0x06
3.212337812500000,RX,0x06
3.212859125000000,RX,0x0D
3.213380500000000,RX,0x95
3.213902187500000,RX,0x0D
3.214423125000000,RX,0xFA
3.214945312500000,RX,0x14
3.215465812500000,RX,0x00
3.215987125000000,RX,0x03
3.216508500000000,RX,0x00
3.217029750000000,RX,0x70
3.217551125000000,RX,0x00
3.218072437500000,RX,0x6C
3.218593812500000,RX,0x02
3.219115125000000,RX,0xB3
3.219636812500000,RX,0x00
3.220157812500000,RX,0x00
3.220679125000000,RX,0x00
3.221200437500000,RX,0x00
3.221721812500000,RX,0x74
3.222243125000000,RX,0x42
3.222764437500000,RX,0x0F
3.223285750000000,RX,0x16
3.347547625000000,TX,0x5A
3.348070750000000,TX,0x5A
3.348593937500000,TX,0x00
3.349117000000000,TX,0x00
3.349640125000000,TX,0x01
3.350163250000000,TX,0x01
3.351536437500000,RX,0xAA
3.352054875000000,RX,0x55
3.352575875000000,RX,0xAA
3.353097562500000,RX,0xFF
3.353619562500000,RX,0x02
3.354139875000000,RX,0xCE
3.354661750000000,RX,0x0E
3.355182500000000,RX,0x00
3.355703875000000,RX,0x0E
3.356225187500000,RX,0x00
3.356746500000000,RX,0x0D
3.357267875000000,RX,0xF7
3.357789937500000,RX,0x0E
3.358310500000000,RX,0x00
3.358831875000000,RX,0x0E
3.359353187500000,RX,0x01
3.359874500000000,RX,0x0D
3.360395812500000,RX,0x94
3.360917500000000,RX,0x0E
3.361438500000000,RX,0x03
3.361959812500000,RX,0x0E
3.362481187500000,RX,0x00
3.363002500000000,RX,0x0E
3.363523812500000,RX,0x03
3.364045187500000,RX,0x0E
3.364566500000000,RX,0x01
3.365087812500000,RX,0x0E
3.365609187500000,RX,0x03
3.366130500000000,RX,0x0E
3.366651812500000,RX,0x02
3.367173125000000,RX,0x0E
3.367694500000000,RX,0x03
3.368215812500000,RX,0x0E
3.368737125000000,RX,0x00
3.369258500000000,RX,0x0D
3.369779812500000,RX,0xD1
3.370301687500000,RX,0x0E
3.370822437500000,RX,0x01
3.371343812500000,RX,0x0E
3.371865000000000,RX,0x02
3.372386437500000,RX,0x0E
3.372907812500000,RX,0x03
3.373429125000000,RX,0x0E
3.373950437500000,RX,0x00
3.374471750000000,RX,0x0D
3.374993125000000,RX,0xFC
3.375515375000000,RX,0x00
3.376035750000000,RX,0x00
3.376557125000000,RX,0x00
3.377078437500000,RX,0x00
3.377599750000000,RX,0x00
3.378121125000000,RX,0x00
3.378642437500000,RX,0x00
3.379163750000000,RX,0x00
3.379685062500000,RX,0x00
3.380206437500000,RX,0x00
3.380727750000000,RX,0x00
3.381249125000000,RX,0x00
3.381770437500000,RX,0x00
3.382291750000000,RX,0x00
3.382813062500000,RX,0x00
3.383334437500000,RX,0x00
3.383855750000000,RX,0x00
3.384377062500000,RX,0x00
3.384898375000000,RX,0x00
3.385419750000000,RX,0x00
3.385941062500000,RX,0x00
3.386462375000000,RX,0x00
3.386983750000000,RX,0x00
3.387505062500000,RX,0x00
3.388026375000000,RX,0x00
3.388547687500000,RX,0x00
3.389069062500000,RX,0x00
3.389590375000000,RX,0x17
3.390111687500000,RX,0x22
3.390633000000000,RX,0x01
3.391154375000000,RX,0xAB
3.391676062500000,RX,0x3F
3.392197000000000,RX,0x00
3.392718375000000,RX,0x00
3.393239687500000,RX,0x8D
3.393761375000000,RX,0x79
3.394282375000000,RX,0x97
3.548382812500000,TX,0x5A
3.548906000000000,TX,0x5A
3.549429187500000,TX,0x00
3.549952375000000,TX,0x00
3.550475562500000,TX,0x01
3.550998812500000,TX,0x01
3.749326125000000,TX,0x5A
3.749849250000000,TX,0x5A
3.750372500000000,TX,0x00
3.750895687500000,TX,0x00
3.751418937500000,TX,0x01
3.751942125000000,TX,0x01
3.401059625000000,RX,0x00
3.401581000000000,RX,0x19
3.402102312500000,RX,0x00
3.402623625000000,RX,0x1A
3.403144937500000,RX,0x00
3.403666312500000,RX,0x19
3.404187625000000,RX,0x00
3.404708937500000,RX,0x19
3.405230312500000,RX,0x01
3.405751562500000,RX,0x01
3.406272937500000,RX,0x00
3.406794312500000,RX,0x03
3.407315625000000,RX,0xE8
3.407837625000000,RX,0x00
3.408358312500000,RX,0x0A
3.408879625000000,RX,0x01
3.409400937500000,RX,0x00
3.409922250000000,RX,0x00
3.410443625000000,RX,0x00
3.410964937500000,RX,0xA5
3.411486625000000,RX,0x07
3.412007562500000,RX,0x0E
3.412528937500000,RX,0x03
3.413050250000000,RX,0x06
3.413571562500000,RX,0x0D
3.414092937500000,RX,0x94
3.414614625000000,RX,0x0D
3.415135562500000,RX,0xF8
3.415657750000000,RX,0x14
3.416178250000000,RX,0x00
3.416699562500000,RX,0x00
3.417220937500000,RX,0x00
3.417742250000000,RX,0x70
3.418263562500000,RX,0x00
3.418784875000000,RX,0x6C
3.419306250000000,RX,0x02
3.419827562500000,RX,0xB3
3.420349250000000,RX,0x00
3.420870250000000,RX,0x00
3.421391562500000,RX,0x00
3.421912875000000,RX,0x00
3.422434187500000,RX,0x00
3.422955562500000,RX,0x82
3.423477250000000,RX,0x0F
3.423998187500000,RX,0x9A
3.548382812500000,TX,0x5A
3.548906000000000,TX,0x5A
3.549429187500000,TX,0x00
3.549952375000000,TX,0x00
3.550475562500000,TX,0x01
3.550998812500000,TX,0x01
3.552457375000000,RX,0xAA
3.552975875000000,RX,0x55
3.553496812500000,RX,0xAA
3.554018562500000,RX,0xFF
3.554540500000000,RX,0x02
3.555060812500000,RX,0xCE
3.555582687500000,RX,0x0D
3.556103437500000,RX,0xFE
3.556625750000000,RX,0x0D
3.557146187500000,RX,0xFE
3.557668437500000,RX,0x0D
3.558188812500000,RX,0xF5
3.558710875000000,RX,0x0D
3.559231500000000,RX,0xFD
3.559753687500000,RX,0x0D
3.560274125000000,RX,0xFD
3.560796375000000,RX,0x0D
3.561316812500000,RX,0x90
3.561838500000000,RX,0x0E
3.562359437500000,RX,0x00
3.562880812500000,RX,0x0D
3.563402125000000,RX,0xFE
3.563924437500000,RX,0x0E
3.564444812500000,RX,0x00
3.564966125000000,RX,0x0D
3.565487437500000,RX,0xFF
3.566009750000000,RX,0x0E
3.566530125000000,RX,0x01
3.567051437500000,RX,0x0E
3.567572812500000,RX,0x00
3.568094125000000,RX,0x0E
3.568615437500000,RX,0x00
3.569136750000000,RX,0x0D
3.569658125000000,RX,0xFD
3.570180312500000,RX,0x0D
3.570700750000000,RX,0xCF
3.571222625000000,RX,0x0D
3.571743437500000,RX,0xFF
3.572265750000000,RX,0x0E
3.572786000000000,RX,0x00
3.573307437500000,RX,0x0E
3.573828750000000,RX,0x01
3.574350062500000,RX,0x0E
3.574871437500000,RX,0x00
3.575392750000000,RX,0x0D
3.575914062500000,RX,0xFC
3.576436312500000,RX,0x00
3.576956750000000,RX,0x00
3.577478062500000,RX,0x00
3.577999437500000,RX,0x00
3.578520750000000,RX,0x00
3.579042062500000,RX,0x00
3.579563375000000,RX,0x00
3.580084750000000,RX,0x00
3.580606125000000,RX,0x00
3.581127375000000,RX,0x00
3.581648750000000,RX,0x00
3.582170062500000,RX,0x00
3.582691375000000,RX,0x00
3.583212687500000,RX,0x00
3.583734062500000,RX,0x00
3.584255375000000,RX,0x00
3.584776687500000,RX,0x00
3.585298062500000,RX,0x00
3.585819375000000,RX,0x00
3.586340687500000,RX,0x00
3.586862062500000,RX,0x00
3.587383375000000,RX,0x00
3.587904687500000,RX,0x00
3.588426000000000,RX,0x00
3.588947375000000,RX,0x00
3.589468687500000,RX,0x00
3.589990000000000,RX,0x00
3.590511375000000,RX,0x17
3.591032687500000,RX,0x22
3.591554000000000,RX,0x01
3.592075375000000,RX,0xAB
3.592597000000000,RX,0x3F
3.593118000000000,RX,0x00
3.593639312500000,RX,0x00
3.594160687500000,RX,0x8D
3.594682375000000,RX,0x79
3.595203312500000,RX,0x29
3.595724625000000,RX,0x00
3.596246000000000,RX,0x02
3.596767312500000,RX,0xBB
3.597289000000000,RX,0x30
3.597809937500000,RX,0x00
3.598331312500000,RX,0x08
3.598852625000000,RX,0x02
3.599374000000000,RX,0x72
3.599895312500000,RX,0x00
3.600416625000000,RX,0x19
3.600938000000000,RX,0x00
3.601459312500000,RX,0x19
3.601980687500000,RX,0x00
3.602501937500000,RX,0x19
3.603023312500000,RX,0x00
3.603544625000000,RX,0x1A
3.604066000000000,RX,0x00
3.604587312500000,RX,0x19
3.605108625000000,RX,0x00
3.605630000000000,RX,0x19
3.606151312500000,RX,0x01
3.606672625000000,RX,0x01
3.607193937500000,RX,0x00
3.607715250000000,RX,0x03
3.608236625000000,RX,0xE8
3.608758625000000,RX,0x00
3.609279250000000,RX,0x0A
3.609800625000000,RX,0x01
3.610321937500000,RX,0x00
3.610843250000000,RX,0x00
3.611364562500000,RX,0x00
3.611885937500000,RX,0xA5
3.612407625000000,RX,0x0B
3.612928625000000,RX,0x0E
3.613449937500000,RX,0x01
3.613971250000000,RX,0x06
3.614492625000000,RX,0x0D
3.615013937500000,RX,0x90
3.615535625000000,RX,0x0D
3.616056562500000,RX,0xF6
3.616578687500000,RX,0x14
3.617099250000000,RX,0x00
3.617620562500000,RX,0x00
3.618141937500000,RX,0x00
3.618663250000000,RX,0x70
3.619184562500000,RX,0x00
3.619705875000000,RX,0x6C
3.620227250000000,RX,0x02
3.620748562500000,RX,0xB3
3.621270187500000,RX,0x00
3.621791187500000,RX,0x00
3.622312562500000,RX,0x00
3.622833875000000,RX,0x00
3.623355187500000,RX,0x04
3.623876500000000,RX,0xC2
3.624398437500000,RX,0x17
3.749326125000000,TX,0x5A
3.749849250000000,TX,0x5A
3.750372500000000,TX,0x00
3.750895687500000,TX,0x00
3.751418937500000,TX,0x01
3.751942125000000,TX,0x01
3.751942125000000,TX,0x01
3.753378375000000,RX,0xAA
3.753896875000000,RX,0x55
3.754417812500000,RX,0xAA
3.754939500000000,RX,0xFF
3.755461500000000,RX,0x02
3.755981812500000,RX,0xCE
3.756503687500000,RX,0x0D
3.757024500000000,RX,0xFD
3.757546687500000,RX,0x0D
3.758067125000000,RX,0xFE
3.758589437500000,RX,0x0D
3.759109812500000,RX,0xF5
3.759631875000000,RX,0x0D
3.760152500000000,RX,0xFD
